Job Title,Company,Location,Salary,Date,Job Link,Expire Date,Welfare,Job Description,Job Requirements,Job Level,Job Type,Experience,Industry,Min_Salary,Max_Salary,exp_min,exp_max
Financial Analyst,Công Ty Tài Chính Tnhh Ngân Hàng Tmcp Sài Gòn - Hà Nội (Shbfinance),Hồ Chí Minh,Cạnh Tranh,2026-06-05,https://careerviet.vn/vi/tim-viec-lam/financial-analyst.35C79687.html,2026-07-05,"['Laptop', 'Chế độ bảo hiểm', 'Du Lịch']","OBJECTIVES Be responsible for financial analysis and business performance assessment related to the Company’s commercial activities; support the evaluation of financial impacts of products, sales programs, and marketing campaigns in order to optimize business performance and profitability. MAIN MISSIONS AND RESPONSIBILITIES Conduct financial analysis and build models to support strategic decision-making and scenario planning. Analyze business performance across key metrics and develop actionable insights for leadership. Work with large datasets to identify trends, risks, and opportunities across business units. Collaborate cross-functionally with teams such as Commercial, Operations, and Tech to align business and financial goals.Automate reports and dashboards to improve visibility and decision-making. Design or refine dashboards and automated reporting systems to ensure data accessibility and clarity for finance-related KPIs","Bachelor's degree in finance, Accounting, or related field. Minimum of 1-3 years of relevant experience in financial analysis or a similar role. Strong analytical skills with the ability to interpret complex financial data and draw meaningful conclusions. Good proficiency in Microsoft Excel/Powerpoint, financial modeling tools and data visualization. Effective communication and presentation skills. Fluency in English. Flexible, open-minded, figurative language. Teamwork, take ownership of tasks. Any other relevant professional qualification/certificate would be a plus. Nice-to-have (not mandatory) Experience with FP&A – Commercial finance. Data skill (able to work with data from DWH, SQL…, Power BI software). Experience in the consumer finance industry. REASONS TO JOIN SHBFINANCE: A professional, open working environment that emphasizes 5 core values: “Smart – Honest – Brave – Friendly – Cooperation”: Working hours: Monday to Friday, with a 1.5-hour lunch break. Friendly and open-minded colleagues who value individual development. Spacious open office with all necessary equipment provided for work. Special attention to employees: Competitive compensation package with regular salary increases. Total income can reach up to 14 months' salary per year. Lunch allowance of up to 1,200,000 VND/month. Exclusive healthcare benefits with comprehensive SHB FC Care insurance. Annual health check-ups at top hospitals in Vietnam, along with social insurance benefits as per state regulations. Annual company trips and team-building activities. Focused on supporting personal development: Guidance, companionship, and career development support from experienced, talented managers. Opportunities to participate in major projects, leading in the consumer finance sector. Support for learning activities, knowledge exchange, and cultural interaction (Training, Seminars, ETC.).",Nhân viên,Nhân viên chính thức,1 - 3 Năm,Tài chính / Đầu tư,20186130.0,27846717.0,1.0,3.0
Senior Customs & Logistics Analyst,Xp Power Vietnam,Bình Dương,Cạnh Tranh,2026-06-08,https://careerviet.vn/vi/tim-viec-lam/senior-customs-logistics-analyst.35C79CAB.html,2026-07-08,"['Laptop', 'Chế độ bảo hiểm', 'Du Lịch']","We are seeking a highly capable Senior Customs & Logistics Analyst with a strong analytical mindset and solid experience in import/export operations. This role requires a detail-oriented and data-driven approach to support accurate reporting, enhance operational efficiency, and drive continuous improvement across customs and logistics processes. Customs Declaration & Logistics Operations (50%) Handle import/export customs declarations in compliance with regulations Monitor daily logistics operations to ensure smooth cargo flow Coordinate with internal teams and external partners (forwarders, brokers, customs authorities) Ensure accuracy and completeness of customs documentation Reporting & Data Management (20%) Collect, validate, and consolidate operational data Prepare periodic reports related to customs and logistics performance Develop dashboards and reports using Excel / Power BI Monitor KPIs and provide insights for management Operation Analysis & Improvement (30%) Analyze current processes and identify gaps or inefficiencies Conduct risk assessments and propose improvement actions Support KPI tracking and continuous improvement initiatives Participate in compliance review and audit preparation","Education background Bachelor’s degree in Logistics, Supply Chain, Import-Export, Foreign Trade, or related field Working experience: Minimum 3 years of experience in import/export customs declaration At least 1 year of experience in an EPE company Experience in KPI management and risk assessment for improvement Experience in CFR generation Hands-on experience with Ecus system Technical & soft skills Good command of Microsoft Office, especially Excel for data analysis and reporting Experience in Power BI database & dashboard creation Knowledge of VBA Strong analytical skills Attention to detail and risk awareness Good communication and coordination skills Good command of English, especially in reading and writing for daily operations and reporting.",Nhân viên,Nhân viên chính thức,3 - 5 Năm,Điện / Điện tử / Điện lạnh / Điện công nghiệp,20186130.0,27846717.0,3.0,5.0
Chuyên Viên Chính/Chuyên Viên Cao Cấp Phân Tích Nghiệp Vụ Fm - Tntech - 4Z035,Tập Đoàn Rox (Rox Group),Hà Nội,Cạnh Tranh,2026-06-03,https://careerviet.vn/vi/tim-viec-lam/chuyen-vien-chinh-chuyen-vien-cao-cap-phan-tich-nghiep-vu-fm-tntech-4z035.35C77B26.html,2026-06-25,"['Laptop', 'Du Lịch', 'Phụ cấp']","1. Position Overview - The Senior/Expert Business Analyst is responsible for gathering requirements, analyzing business processes, proposing solutions, and supporting the implementation of real estate management systems including building management, facility/property management, lease management, tenant services, space management, maintenance operations (PM/CM), asset management, and related modules. - This role serves as a key bridge between business stakeholders, technical teams, and implementation teams to ensure that solutions meet business needs and organizational standards. 2. Responsibilities - Work directly with clients to gather and clarify business requirements. - Analyze As-is processes and design To-be processes. - Identify operational gaps, inefficiencies, risks, and improvement opportunities. - Prepare documentation: BRD, URD, FSD, User Stories, Data Mapping, Use Cases, Process Flowcharts. - Model workflows, data flows, and business rules. - Recommend solutions using systems like Archibus or internal platforms. - Coordinate with development, QA, and infrastructure teams. - Validate technical designs. - Review design documents, test cases, demos. - Develop and execute SIT and UAT. - Manage issue logging and resolution. - Provide training and support data migration. - Support project planning and progress tracking. - Lead client meetings, status updates, maintain risk logs. - Collaborate with Project Manager for successful go-live. - Strong understanding of data normalization, data flows, and ERD.","- Minimum 3–5 years of BA experience, prior experience in the following field(s) is preferred: real estate/property/facility management. - Experience with Archibus, TRIRIGA, Yardi, Planon, ERP, or asset management systems is a strong advantage. Business Knowledge: - Lease management - Tenant services and billing - Space and occupancy management - Operational and preventive maintenance - Building engineering operations - Asset and equipment management - Invoicing, reconciliation, financial workflows - Management reporting and dashboards Skills: - Strong analytical and system-thinking mindset. - Excellent communication, coordination, and presentation skills. - Strong documentation and requirement writing skills. - Experience with data analysis (Excel/SQL is a plus). - Proficiency with BPMN/UML. BENEFIT OF JOINING TNTECH - Income package: X million VND/month x 13-16 months/year. - Social and company insurance. - Annual salary review. - Birthday leave with full salary. - Teambuilding/outing at least once per year. - Professional training courses.",Nhân viên,Nhân viên chính thức,Trên 3 Năm,CNTT - Phần mềm,20186130.0,27846717.0,3.0,6.0
Senior Business Analyst – Customer Platform,Công Ty Cổ Phần Dược Phẩm Fpt Long Châu,Hồ Chí Minh,Cạnh Tranh,2026-05-26,https://careerviet.vn/vi/tim-viec-lam/senior-business-analyst-customer-platform.35C75ADB.html,unknown,"['Chế độ bảo hiểm', 'Du Lịch', 'Chế độ thưởng']","1. Phân tích nghiệp vụ & Thiết kế giải pháp - Khai thác yêu cầu nghiệp vụ từ các đơn vị kinh doanh và chuyển hoá thành yêu cầu rõ ràng, có thể triển khai. - Thiết kế luồng nghiệp vụ end-to-end cho các module Customer Identity, Notification, Loyalty và Consent. - Soạn thảo BRD, PRD và User Stories với acceptance criteria đầy đủ, kiểm thử được. - Xây dựng Data Contract và API Contract giữa Customer Platform và các hệ thống tích hợp. 2. Quản lý sản phẩm & Roadmap - Đồng hành cùng Product Lead trong việc xây dựng và duy trì roadmap sản phẩm theo từng giai đoạn. - Ưu tiên backlog dựa trên giá trị kinh doanh, ràng buộc kỹ thuật và yêu cầu tuân thủ. - Phối hợp với stakeholders đa chuỗi để thống nhất phạm vi, tiến độ và tiêu chí thành công. 3. Tích hợp & Quản lý đối tác - Phối hợp trực tiếp với các đối tác công nghệ trong các mảng CRM/CDP, messaging và viễn thông. - Thiết kế integration contract và data mapping giữa hệ thống nội bộ và đối tác. - Theo dõi SLA, điều phối xử lý sự cố và đề xuất cải tiến chất lượng dịch vụ. 4. Tuân thủ & Quản trị dữ liệu - Đảm bảo tuân thủ Nghị định 13/2023/NĐ-CP về bảo vệ dữ liệu cá nhân. - Thiết kế consent model (Purpose, Legal Basis, Channel) phù hợp khung pháp lý. - Phối hợp với bộ phận Pháp chế trong rà soát Data Processing Agreement với đối tác. 5. Lãnh đạo & Phát triển đội ngũ - Hướng dẫn và mentor các Business Analyst junior trong team. - Đánh giá chất lượng deliverables (BRD, wireframe, test case) của các thành viên. - Tham gia Agile: Sprint Planning, Backlog Grooming, Retrospective.","- Kinh nghiệm: Trên 5 năm ở vai trò Business Analyst tại công ty product (không phải mô hình outsource). Có kinh nghiệm với Customer Data Platform (CDP) hoặc CRM (Salesforce, HubSpot…) là lợi thế. - Domain expertise: Có kinh nghiệm thực tế ở ít nhất 2/4 mảng: Loyalty & Reward, Promotion & Voucher, Notification / Communication Platform, Contact Center / Tổng đài. - Quản lý đối tác: Đã trực tiếp làm việc với vendor/partner, bao gồm tích hợp API, đàm phán điều khoản và quản trị SLA. - Năng lực kỹ thuật: Đọc hiểu thành thạo API spec (REST, OpenAPI 3.0), sequence diagram và ERD; nắm được nguyên lý của Kafka và event-driven architecture. - Tài liệu hoá: Thành thạo BRD/PRD, User Story (INVEST) và Acceptance Criteria (Given–When–Then). - Giao tiếp: Có khả năng trình bày và thuyết phục stakeholder cấp điều hành; Tiếng Anh đọc hiểu tốt tài liệu kỹ thuật. Ưu tiên: - Hiểu biết về Identity Resolution, customer deduplication, merge/unmerge - Kinh nghiệm về consent management và các khung pháp lý bảo vệ dữ liệu (GDPR, NĐ 13/2023). - Kinh nghiệm trong các ngành Healthcare, Retail hoặc Pharmacy là lợi thế. - Đã từng làm việc với hệ thống quy mô lớn (>10M người dùng, multi-tenant) - Nền tảng về data analytics, SQL và công cụ trực quan hoá dữ liệu (Databricks, Metabase…) - Kinh nghiệm Agile/Scrum ở vai trò Product Owner hoặc Senior BA Lead",Nhân viên,Nhân viên chính thức,Trên 5 Năm,CNTT - Phần mềm,20186130.0,27846717.0,5.0,6.0
Chuyên Viên Phân Tích Nghiệp Vụ (Ba),Công Ty Cổ Phần Phát Triển Bất Động Sản Văn Phú,Hà Nội,Cạnh Tranh,2026-06-09,https://careerviet.vn/vi/tim-viec-lam/chuyen-vien-phan-tich-nghiep-vu-ba.35C710A1.html,2026-07-08,"['Laptop', 'Chế độ bảo hiểm', 'Du Lịch']","Phân tích yêu cầu: Khảo sát quy trình nghiệp vụ toàn chuỗi giá trị BĐS; xác định nhu cầu và điểm tối ưu hóa bằng công nghệ. Thiết kế giải pháp: Mô hình hóa quy trình; xây dựng BRD, FS, Use Case, Wireframe/UI cơ bản; đề xuất giải pháp phần mềm phù hợp. Phối hợp triển khai: Làm việc với đội CNTT & đối tác để giám sát phát triển; tham gia UT/SIT/UAT; đảm bảo sản phẩm đúng yêu cầu. Tích hợp quy trình: Đảm bảo đồng bộ dữ liệu và quy trình giữa các hệ thống CRM/ERP/DMS/BIM qua API và các cơ chế tích hợp. Đào tạo & hỗ trợ: Soạn tài liệu, hướng dẫn người dùng, thu thập phản hồi và cải tiến sau triển khai. Hỗ trợ dự án: Tham gia lập phạm vi, kế hoạch, ước lượng và nghiệm thu cho các dự án CNTT. Tư vấn nghiệp vụ: Đề xuất tối ưu quy trình, ứng dụng công nghệ mới (data analytics, automation); áp dụng tư duy Customer-Centric. Công việc khác theo sự phân công của Lãnh đạo Ban Công nghệ thông tin/ Phòng Chuyển đổi số.","Kinh nghiệm: ≥5 năm BA trong lĩnh vực BĐS hoặc dự án CNTT liên quan (CRM BĐS, ERP bán hàng, BIM/DMS, phần mềm quản lý dự án…). Kiến thức chuyên môn: Hiểu rõ toàn bộ quy trình kinh doanh BĐS; thành thạo phân tích nghiệp vụ, xây dựng Business Process và chuyển đổi thành chức năng phần mềm; sử dụng UML/BPMN/Flowchart và soạn tài liệu kỹ thuật. Hệ thống & công nghệ: Có kinh nghiệm triển khai/ vận hành CRM, ERP, BIM, DMS; hiểu tích hợp dữ liệu giữa các hệ thống; từng phối hợp với đội outsource hoặc dev bên thứ ba. Kỹ năng phân tích: Phân tích nghiệp vụ – dữ liệu tốt, tư duy logic, mô phỏng quy trình và đề xuất cải tiến hiệu quả. Kỹ năng giao tiếp: Giao tiếp, thuyết trình, đàm phán tốt với business & kỹ thuật; có kỹ năng quản lý dự án và làm việc nhóm. Ngoại ngữ: Tiếng Anh tốt là lợi thế (đọc hiểu tài liệu kỹ thuật, làm việc với đối tác nước ngoài). Ưu tiên: Tư duy Customer-Centric; kinh nghiệm tại doanh nghiệp BĐS/đa dự án; có chứng chỉ BA/PM (CBAP, PMP…); từng triển khai giải pháp AI/Big Data/IoT trong BĐS. Ứng viên có thể đi làm sớm, mong muốn gắn bó lâu dài với Công ty",Nhân viên,Nhân viên chính thức,Cấp Bậc Nhân Viên,Hình thức Nhân viên chính thức,20186130.0,27846717.0,3.0,6.0
Chuyên Viên Phân Tích Định Lượng,Vdsc - Công Ty Cp Chứng Khoán Rồng Việt,Hồ Chí Minh,Cạnh Tranh,2026-05-24,https://careerviet.vn/vi/tim-viec-lam/chuyen-vien-phan-tich-dinh-luong.35C72EEA.html,2026-06-22,"['Chế độ bảo hiểm', 'Du Lịch', 'Phụ cấp']","Mục tiêu vị trí Đóng vai trò cầu nối giữa Khoa học dữ liệu và Chiến lược đầu tư , chuyển hóa dữ liệu tài chính thành các mô hình định lượng, tín hiệu giao dịch và công cụ tự động hóa nhằm nâng cao hiệu quả đầu tư, tối ưu quy trình và trải nghiệm người dùng. Trách nhiệm chính 1. Nghiên cứu & Phát triển mô hình định lượng Xây dựng và backtest các mô hình dự báo xu hướng thị trường và kết quả kinh doanh. Ứng dụng Machine Learning/Deep Learning (CNN, RNN, LSTM, Transformer…) trong phân tích dữ liệu chuỗi thời gian và tối ưu danh mục đầu tư. Nghiên cứu các chỉ số vĩ mô, tài chính và liên thị trường để phát triển hệ thống cảnh báo sớm. 2. Phát triển AI & Tự động hóa Tham gia xây dựng và tối ưu các sản phẩm ứng dụng Generative AI (LLM, RAG, AI Agents…) trong phân tích và truy vấn dữ liệu tài chính. Thiết kế và triển khai các workflow tự động hóa (Python, Power Automate…) nhằm nâng cao hiệu suất làm việc. 3. Quản trị & xử lý dữ liệu Xây dựng và tối ưu Data Pipeline từ các nguồn dữ liệu (FiinX, Bloomberg, Web scraping…) vào hệ thống (MySQL/PostgreSQL). Đảm bảo dữ liệu chính xác, nhất quán và có độ trễ thấp. 4. Trực quan hóa & Báo cáo Phát triển dashboard theo dõi thị trường theo thời gian thực (Power BI, Streamlit, Dash…). Trình bày kết quả phân tích định lượng dưới dạng báo cáo chuyên sâu phục vụ nội bộ và khách hàng.","1. Kỹ năng chuyên môn Thành thạo Python (Pandas, NumPy, Scikit-learn, PyTorch/TensorFlow…). Có kinh nghiệm làm việc với SQL và xử lý dữ liệu lớn. Sử dụng tốt các công cụ trực quan hóa dữ liệu (Power BI hoặc tương đương). Có hiểu biết hoặc kinh nghiệm về LLM, Prompt Engineering là lợi thế. 2. Kiến thức nền tảng Am hiểu thị trường chứng khoán, phân tích tài chính doanh nghiệp. Nền tảng tốt về Xác suất thống kê, Toán tài chính. 3. Kinh nghiệm Ưu tiên ứng viên có kinh nghiệm tại Công ty Chứng khoán, Quỹ đầu tư, Ngân hàng hoặc các vị trí Data/Quant. 🎓 Trình độ & chứng chỉ Tốt nghiệp Đại học trở lên các ngành: Tài chính định lượng, Toán kinh tế, Khoa học máy tính, Thống kê, MIS hoặc liên quan. Ưu tiên ứng viên từ các trường top hoặc có nền tảng Toán – Tin tốt. Chứng chỉ (lợi thế): CFA, FRM Data Science / AI (Google, IBM…) Cloud (AWS/Azure…) Ngoại ngữ: Đọc hiểu tốt tài liệu chuyên ngành bằng tiếng Anh 🌟 Tố chất & kỹ năng Tư duy logic, khả năng phân tích và giải quyết vấn đề phức tạp Có khả năng chuyển hóa insight kỹ thuật thành ngôn ngữ kinh doanh Chủ động học hỏi, cập nhật công nghệ mới Tinh thần trách nhiệm cao, làm việc nhóm tốt",Nhân viên,Nhân viên chính thức,Trên 1 Năm,Hình thức Nhân viên chính thức,20186130.0,27846717.0,1.0,6.0
It Junior Application Analyst (Free Shuttle Bus),Techtronic Industries Vietnam Manufacturing Company Limited,Hồ Chí MinhĐồng Nai,Cạnh Tranh,2026-06-03,https://careerviet.vn/vi/tim-viec-lam/it-junior-application-analyst-free-shuttle-bus.35C78EA5.html,2026-07-03,"['Laptop', 'Chế độ bảo hiểm', 'Phụ cấp']","IT Junior Application Analyst will join our Enterprise team to become one of part to make the implementation Enterprise Application such as Oracle EBS/ Oracle Fusion/ Trading/ WMS/ Logistic system within TTi Vietnam. Work with group IT Enterprise Application team to Design, Develop, Test and Implement system configuration or software development in compliance with Efactory production control system and database. ▪ Working with business users to develop the use cases, test data and test scenarios to validate the software solutions ▪ Build solutions that confirm to system standards of data definition, data usage and data validation rules. ▪ Working with other IT members to develop the system procedure to map to standard system flow and ▪ Prepare project documentation with quality requirements ▪ Support integration solutions that ensure the data integrity between the ERP & other systems","Degree in IT or related discipline required Open to fresh graduates or candidates with around 1-2 years of relevant working experience Less than ERP and refer SAP/Oracle EBS Be able to communicate in English Eager to learn and proactive thinking Willing to work under pressure and commit to assigned tasks Working experience of enterprise applications including ERP / Supply Chain / systems integration is refer Benefits Overview: At TTi, we are committed to creating a supportive and rewarding work environment. Employees in this role will enjoy the following benefits: Working location: Dau Giay (Đồng Nai); SHTP (District 9, HCMC) or Tan Phu Trung (Củ Chi, HCMC) - TTi provides shuttle bus from Dong Nai, Binh Duong or HCMC Working hour (40h/ week_Mon-Fri 7:30-16:00) Negotiable, competitive salary Free lunch at company’s canteen 100% of the salary during the probation time Social insurance on the total salary 24/7 accident insurance Healthcare Insurance (PVI Care) 13th month salary Telephone allowance (300,000 VND/ per month) 15 days of annual leave Annual salary increase review Gifts on special holidays of the year",Nhân viên,Nhân viên chính thức,1 Năm,CNTT - Phần mềm,20186130.0,27846717.0,1.0,6.0
Data Analyst,Betrimex - Công Ty Cổ Phần Xuất Nhập Khẩu Bến Tre,Hồ Chí Minh,Cạnh Tranh,2026-05-26,https://careerviet.vn/vi/tim-viec-lam/data-analyst.35C7782C.html,2026-06-26,"['Laptop', 'Chế độ bảo hiểm', 'Du Lịch']","JOB SUMMARY The Trading Analyst Staff is responsible for monitoring market trends, analyzing supply and demand dynamics, and forecasting price movements to support investment and trading decisions. The role involves conducting extensive research using various data sources, including government reports, industry data, news articles, and both technical and fundamental analysis. The Analyst evaluates factors impacting commodity markets such as geopolitical events, weather conditions, and regulatory changes to stay updated on market developments. In addition, the role requires building and maintaining relationships with key market stakeholders including buyers, suppliers, trade houses, and other industry participants to support trading activities and strategic decision-making. MAIN RESPONSIBILITIES & DUTIES 1. Conduct Fundamental Analysis to Understand Price Trends in the Sugar Market Analyze global supply and demand factors, including production data, crop cycles, weather conditions, trade flows, policy developments, and consumption trends. Evaluate production costs of major producers and purchasing levels of consumers. Track inventory levels and harvest expectations to forecast market direction. 2. Monitor Technical Indicators and Trading Signals Monitor key technical indicators and chart patterns. Identify potential trend reversals, breakout points, and momentum shifts. Evaluate market entry and exit opportunities based on technical analysis. 3. Track Macro News and Market Positioning Follow global economic indicators, including inflation, interest rates, foreign exchange movements, and energy markets. Monitor positioning data from the CFTC Commitments of Traders (COT) report to assess sentiment among speculators and hedgers. Assess potential overbought or oversold market conditions based on positioning data. 4. Track Physical Trade Flow Data to Evaluate Regional Cash Premiums and Futures Spreads Monitor physical shipment and customs data to understand real-time trade movements. Analyze basis levels, freight rates, and regional premiums to assess market tightness or surplus conditions. Evaluate futures spread behavior to interpret market sentiment and identify arbitrage opportunities. 5. Research Emerging Products and Market Innovations Analyze market acceptance, potential demand, and competitive positioning of new commodities and products. Provide insights on how emerging trends may impact supply-demand dynamics and trading strategies. 6. Develop and Maintain Relationships with Key Market Stakeholders Establish and maintain strong relationships with buyers, suppliers, trade houses, and other market participants. Collaborate with stakeholders to gather market intelligence, validate data, and gain insights into supply chain dynamics. Support trading and commercial teams by providing timely and reliable market information. 7. Prepare Market Reports for the BOD and Internal Teams Draft and distribute regular reports summarizing market developments, trends, and forecasts. Provide strategic insights and highlight key risks and opportunities through data-driven analysis. Present complex market dynamics in a concise and actionable format for non-technical stakeholders.","Bachelor’s degree in Economics, Finance, Statistics, or Data Science. Minimum 2 years’ experience in data analysis, preferably in commodities or financial markets. Strong analytical skills with proficiency in Excel, BI tools. Knowledge of statistical analysis and forecasting models. Good understanding of commodity markets and trading principles. Strong communication and presentation skills.",Nhân viên,Nhân viên chính thức,Cấp Bậc Nhân Viên,Hình thức Nhân viên chính thức,20186130.0,27846717.0,3.0,6.0
Senior Data Analyst,"Rochdale Spears Co., Ltd.",Bình Dương,Cạnh Tranh,2026-05-24,https://careerviet.vn/vi/tim-viec-lam/senior-data-analyst.35C73082.html,2026-06-22,"['Laptop', 'Chế độ bảo hiểm', 'Xe đưa đón']","1. PRODUCT & SALES DATA MANAGEMENT Work with Commercial team to gather and analyse sales and forecast data from customers and commercial team. Develop and improve reporting in conjunction with management to meet the needs of the business and drive actionable reporting. Work with internal teams to collect necessary data (product measurements, materials, finishing, specifications, etc.) and ensure all data is aligned across all systems including pricing. Maintain the accuracy, fulfillment, and efficiency of databases and reports; Analyze current database, rules, and logics to generate properties (computed or normal) for quality data collection to maintain legitimacy of data. 2. DEMAND PLANNING REPORTING Work with the team members to produce actionable monthly demand planning & sales reporting. Design and update format and logic as needed to improve reporting and answer business needs. Produce targeted reports as needed to deep dive on customer and/or business opportunities. Ensure accuracy of data and conclusions by checking data accuracy and ensuring that it does not contain inaccuracies or omissions. 3. E-COMMERCE & MARKETING Receive requirements and provide data and images for the initiative setup or refreshment of our products on e-commerce websites. Supports for E-Commerce partners: 3D assets, swatches, product information, latest images, pricing, and stock availability. Research customer workflows and build customer flowcharts to improve Marketing metrics. Provide product information, modified catalogs, and lightboxes to generate Marketing materials. 4. COSTING DATABASE Ensure accuracy and quality of database & reports. Support requests from Management Team to update the Costing Database periodically. Populate data and generate reports according to requirements by Management Team.","- Bachelor's degree in Business, Digital Marketing, or related - Fluent in English - Computer skill and/or software: MS Office (advanced Excel), ERP Professional knowledge - Experience managing customer and product databases to support the marketing requirements of the business - Strong analytical skills with ability to use data and metrics to back up assumptions - Proven ability to collaborate cross-functionally across all levels of the organization to gain alignment, execute work and drive results",Nhân viên,Nhân viên chính thức,3 - 5 Năm,CNTT - Phần mềm,20186130.0,27846717.0,3.0,5.0
Hrbp Data Analyst,Công Ty Cổ Phần King Food Market,Hồ Chí Minh,Cạnh Tranh,2026-06-01,https://careerviet.vn/vi/tim-viec-lam/hrbp-data-analyst.35C7886F.html,2026-06-30,[],"Phân tích tất cả các dữ liệu thuộc HR để phục vụ cho HRBP & TA (Tuyển Dụng) Thu thập & chuẩn hóa các loại dữ liệu từ nhiều nguồn HR system, Source nội/ngoại bộ Xây dựng, thiết kế & duy trì các loại report & dashboard trên các nền tảng phân tích kết hợp với phần mềm nội bộ của Công ty/ Chuẩn hóa hệ thống báo cáo tuần / tháng / quý Đề xuất giải pháp cải thiện: Pipeline ứng viên, Channel tuyển dụng, Quy trình tuyển & Tự động hóa/trực quan hóa các loại báo cáo (giảm manual work cho HR team) Xây dựng mô hình dự báo nhu cầu của HR, Phân tích xu hướng thị trường lao động & Đưa ra khuyến nghị các chiến lược trong mục tiêu của HR Quản trị hệ thống dữ liệu: Làm việc với hệ thống để đảm bảo dữ liệu chính xác, Xây dựng data structure, Kiểm soát data integrity & data governance Các dự án Tự động hóa & tối ưu vận hành (Automation & Efficiency) Chủ động tìm kiếm cơ hội ứng dụng AI vào HR, Đề xuất roadmap từng bước chuyển đổi HR sang data-driven & automation-driven Thực hiện các công việc khác theo sự phân công của Trưởng phòng","Tốt nghiệp hoặc hoạc các ngành liên quan Data, BA, HR Analytics, Business Tối thiểu 2–4 năm kinh nghiệp hoặc làm các công việc liên quan BI / Data Analyst / BA Ưu tiên có kinh nghiệm HR hoặc tuyển dụng Thành thạo: SQL, Excel nâng cao, Power BI / TableauPower BI / Tableau / Google Data Studio Có khả năng: Data storytelling, Dashboard design, Forecasting cơ bản Tư duy logic & data-driven Khả năng chuyển đổi dữ liệu → insight → hành động Giao tiếp tốt với non-data stakeholders Chủ động, thích “đào” vấn đề từ dữ liệu ** Sử dụng laptop cá nhân để làm việc",Nhân viên,Nhân viên chính thức,Cấp Bậc Nhân Viên,Hình thức Nhân viên chính thức,20186130.0,27846717.0,3.0,6.0
Legal Data & Digital Transformation Analyst,Masan Consumer,Hồ Chí Minh,Cạnh Tranh,2026-05-18,https://careerviet.vn/vi/tim-viec-lam/legal-data-digital-transformation-analyst.35C75801.html,unknown,"['Chế độ bảo hiểm', 'Du Lịch', 'Chế độ thưởng']","Job Purpose The Legal Data & Digital Transformation Analyst is responsible for structuring, standardizing, and leveraging legal data, as well as leading the digitalization and automation of repetitive legal processes within the Legal & Compliance function. Unlike conventional data analyst roles focused on sales or finance, this position works primarily with complex, unstructured, and high‑risk legal data, aiming to enhance legal risk management, operational efficiency, and decision‑making through data and technology. Job Responsibilities 1. Legal Data Structuring and Standardization Review and map all legal data sources, including contracts, legal documents, compliance records, IP portfolios, disputes, emails, scanned files, spreadsheets, and document management systems. Design legal data models, metadata frameworks, and taxonomies tailored to legal and compliance needs. Standardize, clean, and consolidate legal data to ensure accuracy, consistency, and usability. Build and maintain a centralized Legal Data Repository. 2. Digitalization and Automation of Legal Processes Identify repetitive and manual legal tasks suitable for digitalization and automation. Design and implement automation solutions, including: OCR for paper‑based legal documents NLP and AI‑based document classification and extraction Workflow automation using tools such as SharePoint, Power Automate, RPA, APIs, and Python Collaborate with IT and other functions to integrate legal data into enterprise systems. Develop pilots and scale digital solutions across the Legal & Compliance function. 3. Legal Data Analytics and Risk Insights Develop dashboards and reports for Legal & Compliance, including: Contract lifecycle and expiry tracking Legal risk indicators Compliance status and breaches Disputes and litigation trends IP portfolio management Analyze legal data to identify risk patterns, inefficiencies, and improvement opportunities. Support Legal leadership in data‑driven decision‑making. 4. Legal Data Governance and Compliance Establish legal data governance principles, including data classification, access control, retention policies, and audit trails. Handle sensitive legal and personal data in accordance with internal policies and regulatory requirements. 5. Strategic Role in Legal Transformation Act as a bridge between Legal, IT, and Business teams. Contribute to the roadmap for digital transformation within the Legal & Compliance function. Support the development of internal LegalTech capabilities and tools.","Bachelor’s degree in Law, IT, Data Science, or related field. 3–5 years of experience in legal operations, compliance, or data analysis. Strong skills in Excel, SQL, Power BI, and Python; experience with automation tools is a plus. Analytical mindset, attention to detail, and ability to work with complex, unstructured data. Strong communication skills in Business English.",Nhân viên,Nhân viên chính thức,3 - 5 Năm,Hình thức Nhân viên chính thức,20186130.0,27846717.0,3.0,5.0
Lead Data Analyst (Trưởng Nhóm Phân Tích Dữ Liệu),Công Ty Tnhh Mtv Stride,Hồ Chí Minh,30 Tr - 40 Tr Vnd,2026-06-09,https://careerviet.vn/vi/tim-viec-lam/lead-data-analyst-truong-nhom-phan-tich-du-lieu.35C75EB1.html,2026-06-30,"['Chế độ bảo hiểm', 'Du Lịch', 'Chế độ thưởng']","Working hours: 8h30 - 17h30 (Mon - Fri) Lead data reporting, analytics & dashboards (Excel, Google Sheets, Power BI/Tableau/Looker Studio). Deliver insights on business performance & customer behavior. Define and implement initiatives in data, AI, and automation to optimize operations, enhance customer experience, and drive growth. Support UAT, validation, and end-user assistance during system deployments. Manage data systems, CRM, and internal applications Drive AI/automation initiatives to optimize operations Lead & develop a team of Data/IT members","CV in English is required Prefer a Bachelor's degree in: Information Technology, Information Management, Data Science, or related fields. 3+ years in Data Analyst/Data Scientist/ MIS roles or having experience in leading a team Strong SQL with experience in MongoDB. Skilled in using Python/Java for data processing and visualization. Experience with BI tools (Power BI/Tableau/Excel) Knowledge of cloud/API is a plus",Trưởng nhóm / Giám sát,Nhân viên chính thức,Cấp Bậc Trưởng Nhóm / Giám Sát,Hình thức Nhân viên chính thức,30000000.0,40000000.0,3.0,6.0
Senior Data Management Specialist – Business Analyst (Finance Division) - Id4328,Ngân Hàng Tmcp Việt Nam Thịnh Vượng - Vpbank,Hà Nội,Cạnh Tranh,2026-06-09,https://careerviet.vn/vi/tim-viec-lam/senior-data-management-specialist-business-analyst-finance-division-id4328.35C71365.html,unknown,"['Chế độ bảo hiểm', 'Du Lịch', 'Phụ cấp']","1. Kiểm soát chất lượng dữ liệu, báo cáo Xây dựng phần đặc tả yêu cầu chi tiết, cung cấp các thông tin đầu vào để phát triển, tham gia phối hợp trong quá trình phát triển. Kiểm soát chất lượng dữ liệu/báo cáo, theo dõi các lỗi phát sinh và phối hợp xử lý với các bên liên quan trong luồng. 2. Công tác phát triển Xây dựng kế hoạch phát triển báo cáo/bảng dữ liệu. Thu thập và phân tích yêu cầu, hoàn thiện tài liệu phân tích, SIT và đôn đốc việc hoàn thành UAT của nghiệp vụ cho các yêu cầu phòng Quản trị dữ liệu tài chính thực hiện phát triển. Xây dựng BRD, tham gia UAT và kiểm soát tiến độ triển khai cho các yêu cầu của phòng được khối CNTT và khối Dữ liệu phát triển. 3. Tư vấn, hỗ trợ Tư vấn, hỗ trợ các đơn vị trong Khối Tài chính về giải pháp khai thác dữ liệu/báo cáo. Tối ưu hóa quy trình khai thác dữ liệu phục vụ báo cáo của khối. 4. Quản lý yêu cầu phát triển Phân loại yêu cầu phát triển về dữ liệu và hệ thống tài chính từ các phòng ban trong Khối Tài chính. Phối hợp với Khối CNTT và Khối Dữ liệu trong quá trình ước tính nguồn lực và theo dõi tiến độ phát triển. Đầu mối phối hợp cùng nghiệp vụ đôn đốc Khối CNTT và Khối Dữ liệu đáp ứng yêu cầu. 5. Dự án Tham gia các dự án của Khối Tài chính và của Ngân hàng có liên quan đến dữ liệu và báo cáo tài chính. Tham gia xây dựng yêu cầu cho phần dữ liệu tài chính, đánh giá các ảnh hưởng của dự án đến dữ liệu tài chính. Phối hợp cùng nghiệp vụ thực hiện UAT các yêu cầu thay đổi theo kế hoạch. 6. Phát triển con người Tham gia đào tạo, chia sẻ nội bộ phòng và khối. Phối hợp với các thành viên trong phòng thực hiện tài liệu hóa kiến thức và cập nhật tài liệu cho thành viên mới. 7. Khác Đề xuất các giải pháp nhằm nâng cao hiệu quả công việc. Thực hiện các công việc khác theo sự phân công của Trưởng phòng.","1. Trình độ đào tạo (Educational Qualifications) Trình độ chuyên môn: Tốt nghiệp Đại học trở lên chuyên ngành Kinh tế, Ngân hàng, Kế toán hoặc các chuyên ngành liên quan. 2. Kiến thức / Chuyên môn có liên quan (Relevant Knowledge / Expertise) Am hiểu hoạt động kinh doanh và các sản phẩm, dịch vụ của ngân hàng. Am hiểu các quy định của pháp luật và Ngân hàng Nhà nước trong lĩnh vực ngân hàng, đầu tư tài chính. Có kiến thức sâu về ngân hàng, tài chính; phân tích kinh doanh, phân tích tài chính, thị trường vốn, trao đổi tiền tệ, kế toán quản trị, hệ thống thông tin và cơ sở dữ liệu ngân hàng. 3. Kỹ năng (Skills) Tin học: Thành thạo tin học văn phòng. Ngoại ngữ (Tiếng Anh): Có khả năng giao tiếp và làm việc bằng tiếng Anh. 4. Kinh nghiệm liên quan (Relevant Experience) Có ít nhất 6–8 năm kinh nghiệm làm việc trong lĩnh vực tài chính quản trị tại ngân hàng. Ưu tiên ứng viên có kinh nghiệm về kiểm toán, kế toán tổng hợp, thông tin báo cáo, kế hoạch ngân sách, phân tích kinh doanh – tài chính trong hệ thống ngân hàng và yêu thích công việc liên quan đến dữ liệu. 5. Năng lực cần có (Required Competencies) Khả năng nắm bắt công việc nhanh; quản lý, sắp xếp và xử lý công việc một cách khoa học. Thành thạo các phần mềm tính toán, phân tích số liệu; có khả năng làm việc tốt với dữ liệu. Kỹ năng tổng hợp, phân tích và trình bày báo cáo tốt; có khả năng tư vấn về cơ chế ghi nhận kết quả kinh doanh và các chiều phân tích dữ liệu. Khả năng làm việc độc lập, phối hợp làm việc nhóm và quản lý nhóm hiệu quả. Kỹ năng giao tiếp, đàm phán và thuyết phục tốt. Có khả năng hoạch định công việc, tinh thần trách nhiệm cao.",Nhân viên,Nhân viên chính thức,Cấp Bậc Nhân Viên,Hình thức Nhân viên chính thức,20186130.0,27846717.0,3.0,6.0
Giảng Viên Phân Tích Dữ Liệu Cơ Bản (Data Analytics Essentials Lecturer),Chương Trình Học Viện Công Nghệ Bkacad,Hà Nội,25 Tr - 35 Tr Vnd,2026-06-09,https://careerviet.vn/vi/tim-viec-lam/giang-vien-phan-tich-du-lieu-co-ban-data-analytics-essentials-lecturer.35C77A2C.html,2026-06-30,"['Chế độ bảo hiểm', 'Du Lịch', 'Chế độ thưởng']","● Giảng dạy & Truyền đạt: Đảm nhiệm giảng dạy toàn bộ hoặc một số cấu phần trong 7 bài học của mô-đun, bao gồm: Quy trình phân tích 6 bước, Thu thập & Làm sạch dữ liệu (ETL), Biến đổi & Thống kê mô tả bằng Excel, Truy vấn cơ sở dữ liệu quan hệ bằng SQL (SELECT, GROUP BY, JOIN), và Trực quan hóa dữ liệu trên Tableau Public. ● Hướng dẫn Thực hành & Portfolio: Đồng hành, hỗ trợ học viên trong các buổi LAB thực hành. Hướng dẫn và thúc đẩy sinh viên xây dựng, hoàn thiện sản phẩm cá nhân để đưa lên GitHub Portfolio ngay từ buổi học đầu tiên. ● Đánh giá năng lực: Tổ chức và chấm điểm nghiêm túc 4 bài kiểm tra thường xuyên (thời lượng 30-45 phút/bài) trên máy tính và bài thi kết thúc mô-đun theo đúng cấu trúc tỉ lệ điểm (40% thường xuyên | 60% thi kết thúc). ● Cập nhật bài toán thực tế: Chủ động tích hợp các case study ""trước - sau"" (Before - After) và các bộ dữ liệu thực tế thuộc các lĩnh vực bán lẻ, tài chính, nhân sự tại Việt Nam vào bài giảng để tăng tính ứng dụng. ● Giáo dục Đạo đức Nghề nghiệp: Lồng ghép và nâng cao nhận thức của học viên về các loại thiên kiến dữ liệu (Bias), đạo đức thu thập thông tin và các quy định pháp lý liên quan (GDPR, PDPD Việt Nam). ● Quản lý lớp học: Theo dõi chuyên cần, duy trì kỷ luật lớp học, hỗ trợ giải đáp thắc mắc chuyên môn cho sinh viên trong quá trình học.","Về năng lực chuyên môn & Công cụ ● Microsoft Excel Advanced: Thành thạo các kỹ thuật làm sạch dữ liệu (TRIM, SUBSTITUTE...), các hàm phân tích nâng cao (SUMIFS, COUNTIFS, IFERROR...), Pivot Table, Pivot Chart và các phương pháp xử lý ngoại lệ (IQR, Z-Score). ● SQL Databases: Nắm vững tư duy cơ sở dữ liệu quan hệ, thành thạo viết các câu lệnh truy vấn từ cơ bản đến nâng cao (Aggregate Functions, GROUP BY, HAVING, INNER/LEFT JOIN). ● Data Visualization: Có kinh nghiệm xây dựng Dashboard tương tác, thiết lập Actions và Filter Controls trên Tableau Public hoặc các công cụ BI tương đương. b) Về trình độ học vấn & Kinh nghiệm thực tế ● Tốt nghiệp Đại học trở lên chuyên ngành Khoa học máy tính, Công nghệ thông tin, Hệ thống thông tin quản lý, Data Analytics hoặc các ngành kinh tế định lượng liên quan. ● Có tối thiểu 2 - 3 năm kinh nghiệm thực tế làm việc ở vị trí Data Analyst, Business Analyst, hoặc Data Engineer tại các doanh nghiệp. ● Ưu tiên ứng viên đã có kinh nghiệm giảng dạy, đào tạo nội bộ hoặc có chứng chỉ sư phạm nghề nghiệp. Khuyến khích các ứng viên có tài khoản GitHub Portfolio/Kaggle hoạt động tích cực. c) Về kỹ năng mềm & Phẩm chất ● Kỹ năng sư phạm tốt: Truyền đạt rõ ràng, mạch lạc, biến các khái niệm kỹ thuật phức tạp thành nội dung dễ hiểu cho cả sinh viên khối kinh tế. ● Tư duy Mindset ứng dụng: Tập trung vào thực hành, giải quyết bài toán cốt lõi của doanh nghiệp thay vì nặng nề lý thuyết hàn lâm. ● Cẩn thận, bảo mật, có ý thức cao về đạo đức dữ liệu để làm gương cho học viên. 4. QUYỀN LỢI & CHẾ ĐỘ ĐÃI NGỘ ● Mức thù lao giảng dạy cạnh tranh, xứng đáng với năng lực thực tế và số giờ đứng lớp (trao đổi trực tiếp khi phỏng vấn). ● Môi trường học thuật năng động, hiện đại, sinh viên chủ động và giàu tính thực tiễn. ● Cơ hội mở rộng mạng lưới kết nối (networking) với các chuyên gia công nghệ và doanh nghiệp đối tác của nhà trường. ● Được hỗ trợ đầy đủ về hạ tầng kỹ thuật, phòng LAB máy tính cấu hình cao phục vụ công tác giảng dạy.",Nhân viên,"Nhân viên chính thức , Bán thời gian",2 - 3 Năm,"Hình thức Nhân viên chính thức , Bán thời gian",25000000.0,35000000.0,2.0,3.0
Chuyên Viên Phân Tích Thiết Kế Mẫu - Pcc Pattern Engineering - Data Analytic,Công Ty Tnhh Giầy Chingluh Việt Nam,Long An,Cạnh Tranh,2026-06-05,https://careerviet.vn/vi/tim-viec-lam/chuyen-vien-phan-tich-thiet-ke-mau-pcc-pattern-engineering-data-analytic.35C7620F.html,2026-06-30,"['Chế độ bảo hiểm', 'Du Lịch', 'Phụ cấp']","Dẫn dắt việc xác nhận và cải tiến các quy trình tiêu chuẩn, đảm bảo tính nhất quán giữa các nhóm và hỗ trợ sự đồng bộ giữa các bộ phận/chuyên môn liên quan. Thực hiện phân tích dữ liệu chuyên sâu, xác định các xu hướng hoặc điểm thiếu sót, đồng thời đề xuất các giải pháp khả thi nhằm cải thiện hiệu suất và hiệu quả quy trình. Điều phối và hỗ trợ đào tạo ở cấp độ nhóm bằng cách rà soát tính chính xác của nội dung, thu thập phản hồi và đảm bảo việc áp dụng hiệu quả các tiêu chuẩn mới Theo dõi các KPI của bộ phận, phân tích sự biến động về hiệu suất và cung cấp các thông tin chuyên sâu nhằm hỗ trợ lãnh đạo trong việc ra quyết định và lập kế hoạch cải tiến. Hỗ trợ điều phối dự án bằng cách theo dõi các cột mốc tiến độ, xác định rủi ro hoặc sự chậm trễ và hỗ trợ giao tiếp giữa các nhóm cho các dự án của Nike. Hỗ trợ các trường hợp tối ưu hóa rập/khuôn mẫu ME.","Thành thạo tiếng Anh viết và nói, có kỹ năng sử dụng máy tính tốt (MS Office). Có khả năng phân tích và làm việc dựa trên dữ liệu. Có kỹ năng quản lý dự án/quản lý tiến độ. Có kỹ năng giải quyết vấn đề; có khả năng thiết kế thử nghiệm (DOE); có tư duy phân tích và làm việc dựa trên dữ liệu trong quá trình đánh giá rủi ro hoặc giải quyết vấn đề. Có kỹ năng giao tiếp và xây dựng mối quan hệ tốt. Hiểu biết về quy trình phát triển và sản xuất giày. Có kiến thức vững về quy trình quản lý dự án, phân tích dữ liệu và ứng dụng trong ngành công nghiệp giày dép. Có kiến thức chuyên sâu về quy trình thiết kế rập và thiết lập rập, cũng như ứng dụng trong ngành công nghiệp giày dép.",Nhân viên,Nhân viên chính thức,2 - 3 Năm,Hình thức Nhân viên chính thức,20186130.0,27846717.0,2.0,3.0
Chuyên Viên Cao Cấp/Chuyên Gia Phân Tích Dữ Liệu (Data Analysis) - Tnex - 4B048,Công Ty Tài Chính Tnhh Mtv Tnex (Tnex Finance),Hà Nội,Cạnh Tranh,2026-06-05,https://careerviet.vn/vi/tim-viec-lam/chuyen-vien-cao-cap-chuyen-gia-phan-tich-du-lieu-data-analysis-tnex-4b048.35C76329.html,unknown,"['Laptop', 'Chế độ bảo hiểm', 'Du Lịch']","1. Nghiên cứu và đào tạo - Xây dựng năng lực và tham gia đào tạo năng lực khoa học và kỹ thuật hiện đại cho các thành viên trong Bộ phận để triển khai các dự án phân tích nâng cao đã được lên kế hoạch và đang thực hiện. - Nắm bắt các xu hướng của ngành, trau dồi và phát triển kiến thức chuyên sâu về lĩnh vực kinh doanh và các tài sản dữ liệu sẵn có để đưa ra các khuyến nghị cho TNEX. - Học hỏi và phát triển các phương pháp tiếp cận mới để hiểu xu hướng và hành vi tiêu dùng của khách hàng cũng như các phương pháp giải quyết các vấn đề kinh doanh phức tạp, như tối ưu hóa hiệu suất sản phẩm và doanh thu. 2. Phân tích dữ liệu - Tiếp nhận, phân tích và chuyển tải các yêu cầu xây dựng các công cụ trực quan hóa và báo cáo từ các bộ phận liên quan; - Thiết kế, xây dựng, quản trị và giám sát các công cụ trực quan hóa và báo cáo, đảm bảo tính kịp thời, chính xác, bảo mật và lưu trữ an toàn của các báo cáo cùng các dữ liệu được sử dụng; Kích hoạt các kỹ thuật phân tích nâng cao vào báo cáo để chiết xuất các thông tin hữu ích từ dữ liệu, giúp các bộ phận có quyết định và hành động sáng suốt, kịp thời; - Phân tích, theo dõi và báo cáo hiệu suất và các rủi ro kinh doanh chính của TNEX; Phân tích hành vi; Cung cấp thông tin chi tiết có giá trị cho các bộ phận liên quan để cải thiện hoạt động kinh doanh tổng thể. 3. Triển khai dự án: - Tham gia tổ chức và triển khai các dự án / sáng kiến phân tích nâng cao (như xây dựng các mô hình thống kê, các mô hình dự báo, phân khúc khách hàng, các kỹ thuật học sâu ...) nhằm thúc đẩy những hiểu biết có giá trị cao (như xu hướng và hành vi tiêu dùng của khách hàng) và giải quyết các vấn đề kinh doanh phức tạp (như các giải pháp quản trị rủi ro, tối ưu hóa hiệu suất sản phẩm và doanh thu...); - Tham gia xây dựng các giải pháp thông minh để cá nhân hóa (Personalize) sản phẩm và nâng cao trải nghiệm khách hàng; - Khuyến nghị cho Ban lãnh đạo về tiềm năng của dữ liệu, đưa những hiểu biết mới từ dữ liệu vào việc xây dựng/chuyển đổi chiến lược kinh doanh của TNEX; - Tham gia rà soát, đánh giá hiệu quả, thực hiện cải thiện các mô hình / giải pháp / khuyến nghị; 4. Xây dựng văn hóa doanh nghiệp - Tham gia xây dựng năng lực và thúc đẩy Văn hóa dữ liệu (Data Driven Culture) trên toàn TNEX 5. Thực hiện các công việc khác theo phân công của Cấp có thẩm quyền","1. Ưu tiên ngành Khoa học Dữ liệu, Khoa học máy tính, Thống kê hoặc Toán ứng dụng. Ưu tiên có bằng Thạc sỹ 2. Ưu tiên ứng viên có chứng chỉ về Cloud từ đối tác AWS, GCE, Azure 3. Tối thiểu 5 năm kinh nghiệm: Phân tích dữ liệu và mô hình dữ liệu nâng cao, Xác suất và thống kê và phân tích chuỗi thời gian cũng như kinh nghiệm sử dụng các phương pháp học máy 4. Ưu tiên ứng viên có kinh nghiệm làm việc với các công ty Fintechs. Ưu tiên có kinh nghiệm trong lĩnh vực ngân hàng 5. Bắt buộc thành thạo 1 ngôn ngữ lập trình trở lên 6. Có Kiến thức và kinh nghiệm sử dụng các công cụ như AWS, Sagemaker, Quicksight, Unomi CDP, Redshift và S3. 7. Ưu tiên ứng viên có kiến thức về Nền tảng ngân hàng lõi kỹ thuật số, ví dụ: Mambu, lĩnh vực Fintech/ Banking QUYỀN LỢI KHI GIA NHẬP TNEX FINANCE 1. Lương thưởng hấp dẫn: • Mức lương cạnh tranh so với thị trường và tương xứng với năng lực, sẽ được thương lượng khi ứng viên vượt qua vòng Phỏng vấn. • Thưởng hiệu suất cuối năm từ 2 đến 5 tháng lương trung bình của năm, tùy theo kết quả đánh giá xếp loại. 2. Chính sách phúc lợi toàn diện: • Bảo hiểm theo quy định pháp luật và bảo hiểm sức khỏe riêng cho cán bộ nhân viên. • Các chế độ phúc lợi đa dạng: giờ làm việc linh hoạt, nghỉ mát, nghỉ sinh nhật … • Có chương trình vay với lãi suất ưu đãi cho CBNV. 3. Đào tạo và thăng tiến: • Chương trình Đào tạo chuyên sâu, bài bản theo hướng chuyển đổi (Re_skill, Up_skill, New_skill), được biên tập tùy theo từng nhóm vị trí công việc. • Được hướng dẫn và kèm cặp tận tình bởi các lãnh đạo, quản lý trực tiếp và chuyên gia trong ngành. • Chương trình phát triển quản lý dành cho các nhân viên có tiềm năng, giúp họ chuẩn bị sẵn sàng cho các vị trí quản lý và lãnh đạo trong tương lai. • Ưu tiên tuyển dụng cấp quản lý từ nhân sự nội bộ, tạo cơ hội thăng tiến cho nhân viên. 4. Môi trường làm việc chuyên nghiệp và văn hóa doanh nghiệp năng động: • Thoải mái, thân thiện, đề cao tinh thần trách nhiệm, hỗ trợ lẫn nhau. • Năng động, sáng tạo, khuyến khích đổi mới và học hỏi liên tục. • Tôn trọng sự khác biệt, đề cao tinh thần làm việc nhóm và hợp tác hiệu quả. • Nhiều hoạt động văn hóa, thể thao, giải trí sôi nổi, tạo môi trường làm việc gắn kết và vui vẻ.",Nhân viên,Nhân viên chính thức,Trên 5 Năm,Tài chính / Đầu tư,20186130.0,27846717.0,5.0,6.0
Chuyên Viên Cao Cấp/Chuyên Viên Chính Phân Tích Dữ Liệu Nâng Cao (Data Scientist)– Khối Công Nghệ Thông Tin,Ngân Hàng Tmcp Tiên Phong (Tpbank),Hà Nội,30 Tr - 60 Tr Vnd,2026-06-06,https://careerviet.vn/vi/tim-viec-lam/chuyen-vien-cao-cap-chuyen-vien-chinh-phan-tich-du-lieu-nang-cao-data-scientist-khoi-cong-nghe-thong-tin.35C704F3.html,2026-07-05,"['Chế độ bảo hiểm', 'Du Lịch', 'Phụ cấp']","Nhận diện, đề xuất và trực tiếp triển khai các bài toán phân tích nâng cao (PTNC) và khoa học dữ liệu (KHDL) có tiềm năng ứng dụng, nhằm nâng cao hiệu quả ra quyết định dựa trên dữ liệu. Nghiên cứu quy trình tác nghiệp, đánh giá mức độ quan trọng và tính khả thi của từng bài toán để ưu tiên và phân bổ nguồn lực phù hợp. Đảm bảo quá trình phát triển và triển khai mô hình tuân thủ đúng quy định, phối hợp đưa mô hình vào vận hành. Giám sát hiệu năng mô hình trong thực tế, thiết lập ngưỡng cảnh báo, phát hiện data drift/model drift và đề xuất huấn luyện lại khi cần; phối hợp hiệu chỉnh, bảo dưỡng mô hình khi hiệu năng suy giảm. Thực hiện kiểm định, đánh giá kỹ thuật đối với các mô hình PTNC (bao gồm từ đơn vị nội bộ và đối tác), đảm bảo tính chính xác và hợp lý trong toàn bộ quy trình xây dựng mô hình; đưa ra khuyến nghị cải thiện hiệu năng. Nâng cao kỹ năng phân tích và hiểu biết về dữ liệu của nhân sự PTDL trong Ngân hàng, đảm bảo năng lực chủ động giải quyết các bài toán nghiệp vụ của các đơn vị/bộ phận dựa trên việc phân tích dữ liệu Xây dựng khung và thực hiện đánh giá năng lực nhân sự PTDL hiện hữu tại các khối nghiệp vụ, lên chương trình/lộ trình đào tạo để nâng cao năng lực nhân sự PTDL theo từng giai đoạn; Trực tiếp đánh giá kết quả của từng nhân sự tham gia chương trình đào tạo nhân sự PTDL; chịu trách nhiệm tổng thể về kết quả đầu ra của các nhân sự tham gia chương trình đào tạo.","Ưu tiên các trường đại học quốc tế hoặc ĐH BKHN/ĐHQGHN (trong trường hợp đào tạo trong nước); chuyên ngành Khoa học dữ liệu/Khoa học máy tính/Lập trình ứng dụng,... Đã có kinh nghiệm làm việc trong mảng phân tích dữ liệu, khoa học dữ liệu tại các tổ chức tài chính/ngân hàng/các công ty công nghệ. Sử dụng thành thạo ít nhất một phần mềm phân tích dữ liệu, xây dựng mô hình như Python/Docker/Kubernetes/Hadoop/Spark/Kafka Cẩn thận, tỉ mỉ, làm việc tốt dưới áp lực; Ưu tiên các ứng viên có kinh nghiệm tham gia triển khai các dự án liên quan tới phân tích dữ liệu/ phân tích nâng cao tại các ngân hàng thương mại; Sử dụng thành thạo ít nhất một công cụ BI và trực quan hóa dữ liệu là một lợi thế; Có kỹ năng, tư duy lập trình là một lợi thế; Kỹ năng ngôn ngữ và diễn đạt văn bản tốt; sử dụng thành thạo tiếng Việt và có khả năng giao tiếp bằng tiếng Anh là một lợi thế;",Nhân viên,Nhân viên chính thức,3 - 5 Năm,Hình thức Nhân viên chính thức,30000000.0,60000000.0,3.0,5.0
Procurement Invoice Resolution Analyst,Wanek Furniture,Bình Dương,Cạnh Tranh,2026-06-05,https://careerviet.vn/vi/tim-viec-lam/procurement-invoice-resolution-analyst.35C793A3.html,2026-07-06,"['Laptop', 'Chế độ bảo hiểm', 'Du Lịch']","The Procurement Invoice Resolution Analyst is responsible for reviewing and resolving invoice discrepancies identified during invoice processing. This role supports Procurement and Accounts Payable by investigating invoice data discrepancy issues, pricing mismatches, and receiving discrepancies. This position is office-based and plays a critical role in ensuring accurate, timely invoice processing and continuous improvement across vendors and internal processes. 1. Invoice Review & Resolution: Review invoices flagged with discrepancies during the processing cycle. Investigate and resolve issues related to invoice data, pricing differences, and receiving discrepancies. Compare invoice information with Purchase Orders (POs), receipts, and supporting documents to identify root causes and determine appropriate actions. 2. Cross-Functional Coordination: Coordinate with Accounts Payable (AP), Procurement, Receiving, and other stakeholders to resolve invoice-related issues. Follow up on outstanding discrepancies and escalate cases when necessary. Maintain accurate and clear records of findings, actions taken, and resolutions. 3. Reporting & Data Analysis: Track invoice discrepancies and update related records in Excel. Analyze recurring issues and identify trends involving vendors, pricing, or receiving processes. Support the preparation of reports and data summaries to improve operational efficiency. 4. Process Improvement: Identify opportunities to improve invoice processing accuracy and reduce recurring issues. Support the development and documentation of standard operating procedures. Participate in system enhancement testing and provide feedback on process improvements.","1. Education: Bachelor's degree or College diploma in Business Administration, Accounting, Finance, Supply Chain, Economics, or related fields. 2. Experience: Fresh graduates or candidates with up to 2 years of experience are encouraged to apply; training will be provided. Experience in data entry, administrative support, invoice processing, Accounts Payable (AP), Procurement Support, or shared services environment is an advantage. 3. Knowledge of: Basic understanding of invoice processing and business documentation. Familiarity with Purchase Orders (POs), Accounts Payable processes, or Procurement operations is a plus. Basic knowledge of Microsoft Excel and data management. Familiarity with OCR systems or ERP platforms is an advantage but not required. 4. Skills & Abilities: Good English communication skills. Ability to work independently while collaborating across teams in the USA. Strong attention to detail and accuracy. Ability to analyze information and identify discrepancies. Comfortable working with repetitive and high-volume tasks. Good organizational and time management skills. Proficiency in Microsoft Excel (data entry, sorting, filtering, and basic reporting. Willingness to learn and continuously improve processes.",Nhân viên,Nhân viên chính thức,1 - 3 Năm,"Kế toán / Kiểm toán , Thu mua / Vật tư , Mới tốt nghiệp / Thực tập",20186130.0,27846717.0,1.0,3.0
(Cvc/Cvcc) Khai Thác Và Phân Tích Dữ Liệu,Công Ty Cổ Phần Liên Doanh Ô Tô Hyundai Thành Công Việt Nam,Hà Nội,Cạnh Tranh,2026-06-04,https://careerviet.vn/vi/tim-viec-lam/cvc-cvcc-khai-thac-va-phan-tich-du-lieu.35C742A6.html,2026-07-03,"['Laptop', 'Chế độ bảo hiểm', 'Du Lịch']","Thu thập và chuẩn bị dữ liệu Xác định, thu thập và tích hợp dữ liệu từ nguồn nội bộ & bên ngoài; phối hợp CNTT thiết kế Data Model hợp nhất dữ liệu Kiểm tra, làm sạch, chuẩn hoá dữ liệu; quản trị metadata, từ điển dữ liệu, phân quyền & bảo mật theo quy định ​ Phân tích d ữ liệu và dự báo kinh doanh Xây dựng báo cáo KPI định kỳ và dashboard BI phục vụ theo dõi hiệu quả kinh doanh Thực hiện phân tích đa chiều, phân tích hành vi khách hàng/người dùng để tìm insight Áp dụng các phương pháp thống kê (A/B testing, tương quan, hồi quy) và ML để phân tích nguyên nhân và xây dựng mô hình dự báo Phân tích kinh doanh và hỗ trợ ra quyết định Phân tích cơ hội tăng trưởng (thị trường, khách hàng, sản phẩm); đề xuất giá, khuyến mãi, kênh phân phối Phân tích chi phí – lợi nhuận, hiệu quả Marketing & Sales; tối ưu chi phí, tăng chuyển đổi và biên lợi nhuận Triển khai giải pháp Dữ liệu và Tự động hoá Xây dựng dataset, tự động hoá luồng dữ liệu cho báo cáo & mô hình theo nhu cầu nghiệp vụ Phối hợp triển khai mô hình dữ liệu thời gian thực; tối ưu quy trình, SLA, giảm chi phí và nâng cao hiệu suất Tư vấn nội bộ Chuẩn bị báo cáo/slide, trình bày insight rõ ràng, đề xuất hành động cụ thể dựa trên dữ liệu Phối hợp các phòng ban; đào tạo sử dụng dashboard, KPI/SLA và áp dụng kết quả phân tích Tham gia xây dựng và triển khai khung quản trị rủi ro doanh nghiệp, tích hợp nhận diện – đánh giá – theo dõi rủi ro vào quy trình vận hành và hỗ trợ Ban điều hành trong ra quyết định Chủ trì/Phối hợp thực hiện các công việc khác theo phân công của Trưởng Bộ phận và Trưởng Văn phòng Ban Điều hành","Bằng cấp/Chứng chỉ: Tốt nghiệp Đại học trở lên các ngành: Khoa học dữ liệu, CNTT, Toán – Thống kê, Hệ thống thông tin, Kinh tế, Tài chính hoặc liên quan, ưu tiên có chứng chỉ chuyên môn liên quan Tối thiểu 3 năm kinh nghiệm trong lĩnh vực Phân tích dữ liệu/ BI/ DA/ Analytics Engineering tại Doanh nghiệp Có kinh nghiệm xây dựng dashboard, báo cáo quản trị, thực hiện phân tích chuẩn đoán (diagnostic analysis); phân tích dữ liệu kinh doanh, tài chính, marketing, vận hành Thành thạo SQL và các công cụ trực quan hóa dữ liệu (Power BI, Tableau, Superset…) Có kiến thức về Data Platform (DWH, Lakehouse, Star Schema); ưu tiên có kinh nghiệm với dbt, Airflow, mô hình dự báo (forecasting), tối ưu hóa (optimization) Tư duy phân tích và định hướng giải pháp, có khả năng chuyển hóa dữ liệu thành insight phục vụ ra quyết định; tinh thần cải tiến, trách nhiệm, cẩn trọng và tuân thủ Có khả năng đọc tài liệu tiếng Anh tốt, giao tiếp tiếng Anh cơ bản",Trưởng nhóm / Giám sát,Nhân viên chính thức,Trên 3 Năm,Hình thức Nhân viên chính thức,20186130.0,27846717.0,3.0,6.0
Chuyên Viên Phân Tích Cơ Bản (Fa),Vdsc - Công Ty Cp Chứng Khoán Rồng Việt,Hồ Chí Minh,11 Tr - 16 Tr Vnd,2026-05-21,https://careerviet.vn/vi/tim-viec-lam/chuyen-vien-phan-tich-co-ban-fa.35C75FA6.html,2026-06-30,"['Chế độ bảo hiểm', 'Du Lịch', 'Phụ cấp']",Could not load job details,Could not load job details,Not available,Not available,Not Available,Not available,11000000.0,16000000.0,3.0,6.0
